id	category	question	search	flags	mode	attachments	prev_query	prev_text
1	offline	Explain recursion in simple words	0		AUTO	0		
2	offline	recursion kya hota hai?	0		AUTO	0		
3	offline	recursion ka basic idea samjhao	0		AUTO	0		
4	offline	How does recursion work?	0		AUTO	0		
5	offline	Mujhe recursion sikhao	0		AUTO	0		
6	offline	recursion ko easy example se samjhao	0		AUTO	0		
7	offline	recursion ka matlab kya hai?	0		AUTO	0		
8	offline	Can you teach me recursion?	0		AUTO	0		
9	offline	recursion par ek simple explanation do	0		AUTO	0		
10	offline	What is recursion?	0		AUTO	0		
11	offline	Explain binary search in simple words	0		AUTO	0		
12	offline	binary search kya hota hai?	0		AUTO	0		
13	offline	binary search ka basic idea samjhao	0		AUTO	0		
14	offline	How does binary search work?	0		AUTO	0		
15	offline	Mujhe binary search sikhao	0		AUTO	0		
16	offline	binary search ko easy example se samjhao	0		AUTO	0		
17	offline	binary search ka matlab kya hai?	0		AUTO	0		
18	offline	Can you teach me binary search?	0		AUTO	0		
19	offline	binary search par ek simple explanation do	0		AUTO	0		
20	offline	What is binary search?	0		AUTO	0		
21	offline	Explain SQL joins in simple words	0		AUTO	0		
22	offline	SQL joins kya hota hai?	0		AUTO	0		
23	offline	SQL joins ka basic idea samjhao	0		AUTO	0		
24	offline	How does SQL joins work?	0		AUTO	0		
25	offline	Mujhe SQL joins sikhao	0		AUTO	0		
26	offline	SQL joins ko easy example se samjhao	0		AUTO	0		
27	offline	SQL joins ka matlab kya hai?	0		AUTO	0		
28	offline	Can you teach me SQL joins?	0		AUTO	0		
29	offline	SQL joins par ek simple explanation do	0		AUTO	0		
30	offline	What is SQL joins?	0		AUTO	0		
31	offline	Explain HTTP request in simple words	0		AUTO	0		
32	offline	HTTP request kya hota hai?	0		AUTO	0		
33	offline	HTTP request ka basic idea samjhao	0		AUTO	0		
34	offline	How does HTTP request work?	0		AUTO	0		
35	offline	Mujhe HTTP request sikhao	0		AUTO	0		
36	offline	HTTP request ko easy example se samjhao	0		AUTO	0		
37	offline	HTTP request ka matlab kya hai?	0		AUTO	0		
38	offline	Can you teach me HTTP request?	0		AUTO	0		
39	offline	HTTP request par ek simple explanation do	0		AUTO	0		
40	offline	What is HTTP request?	0		AUTO	0		
41	offline	Explain object oriented programming in simple words	0		AUTO	0		
42	offline	object oriented programming kya hota hai?	0		AUTO	0		
43	offline	object oriented programming ka basic idea samjhao	0		AUTO	0		
44	offline	How does object oriented programming work?	0		AUTO	0		
45	offline	Mujhe object oriented programming sikhao	0		AUTO	0		
46	offline	object oriented programming ko easy example se samjhao	0		AUTO	0		
47	offline	object oriented programming ka matlab kya hai?	0		AUTO	0		
48	offline	Can you teach me object oriented programming?	0		AUTO	0		
49	offline	object oriented programming par ek simple explanation do	0		AUTO	0		
50	offline	What is object oriented programming?	0		AUTO	0		
51	offline	Explain photosynthesis in simple words	0		AUTO	0		
52	offline	photosynthesis kya hota hai?	0		AUTO	0		
53	offline	photosynthesis ka basic idea samjhao	0		AUTO	0		
54	offline	How does photosynthesis work?	0		AUTO	0		
55	offline	Mujhe photosynthesis sikhao	0		AUTO	0		
56	offline	photosynthesis ko easy example se samjhao	0		AUTO	0		
57	offline	photosynthesis ka matlab kya hai?	0		AUTO	0		
58	offline	Can you teach me photosynthesis?	0		AUTO	0		
59	offline	photosynthesis par ek simple explanation do	0		AUTO	0		
60	offline	What is photosynthesis?	0		AUTO	0		
61	offline	Explain Newton laws in simple words	0		AUTO	0		
62	offline	Newton laws kya hota hai?	0		AUTO	0		
63	offline	Newton laws ka basic idea samjhao	0		AUTO	0		
64	offline	How does Newton laws work?	0		AUTO	0		
65	offline	Mujhe Newton laws sikhao	0		AUTO	0		
66	offline	Newton laws ko easy example se samjhao	0		AUTO	0		
67	offline	Newton laws ka matlab kya hai?	0		AUTO	0		
68	offline	Can you teach me Newton laws?	0		AUTO	0		
69	offline	Newton laws par ek simple explanation do	0		AUTO	0		
70	offline	What is Newton laws?	0		AUTO	0		
71	offline	Explain paneer butter masala recipe in simple words	0		AUTO	0		
72	offline	paneer butter masala recipe kya hota hai?	0		AUTO	0		
73	offline	paneer butter masala recipe ka basic idea samjhao	0		AUTO	0		
74	offline	How does paneer butter masala recipe work?	0		AUTO	0		
75	offline	Mujhe paneer butter masala recipe sikhao	0		AUTO	0		
76	offline	paneer butter masala recipe ko easy example se samjhao	0		AUTO	0		
77	offline	paneer butter masala recipe ka matlab kya hai?	0		AUTO	0		
78	offline	Can you teach me paneer butter masala recipe?	0		AUTO	0		
79	offline	paneer butter masala recipe par ek simple explanation do	0		AUTO	0		
80	offline	What is paneer butter masala recipe?	0		AUTO	0		
81	offline	Explain Git branches in simple words	0		AUTO	0		
82	offline	Git branches kya hota hai?	0		AUTO	0		
83	offline	Git branches ka basic idea samjhao	0		AUTO	0		
84	offline	How does Git branches work?	0		AUTO	0		
85	offline	Mujhe Git branches sikhao	0		AUTO	0		
86	offline	Git branches ko easy example se samjhao	0		AUTO	0		
87	offline	Git branches ka matlab kya hai?	0		AUTO	0		
88	offline	Can you teach me Git branches?	0		AUTO	0		
89	offline	Git branches par ek simple explanation do	0		AUTO	0		
90	offline	What is Git branches?	0		AUTO	0		
91	offline	Explain CSS flexbox in simple words	0		AUTO	0		
92	offline	CSS flexbox kya hota hai?	0		AUTO	0		
93	offline	CSS flexbox ka basic idea samjhao	0		AUTO	0		
94	offline	How does CSS flexbox work?	0		AUTO	0		
95	offline	Mujhe CSS flexbox sikhao	0		AUTO	0		
96	offline	CSS flexbox ko easy example se samjhao	0		AUTO	0		
97	offline	CSS flexbox ka matlab kya hai?	0		AUTO	0		
98	offline	Can you teach me CSS flexbox?	0		AUTO	0		
99	offline	CSS flexbox par ek simple explanation do	0		AUTO	0		
100	offline	What is CSS flexbox?	0		AUTO	0		
101	fresh	Aaj price of iPhone 16 kya hai?	1		AUTO	0		
102	fresh	What is the latest gold rate?	1		AUTO	0		
103	fresh	Current petrol price in Mumbai batao	1		AUTO	0		
104	fresh	Abhi latest Python version kitna hai?	1		AUTO	0		
105	fresh	Today current weather in Delhi batao	1		AUTO	0		
106	fresh	Aaj IPL score kya hai?	1		AUTO	0		
107	fresh	What is the latest latest Android update?	1		AUTO	0		
108	fresh	Current PPF interest rate batao	1		AUTO	0		
109	fresh	Abhi Bitcoin price kitna hai?	1		AUTO	0		
110	fresh	Today current Prime Minister of India batao	1		AUTO	0		
111	fresh	Aaj latest news about India kya hai?	1		AUTO	0		
112	fresh	What is the latest today's Mumbai weather?	1		AUTO	0		
113	fresh	Current USD to INR rate batao	1		AUTO	0		
114	fresh	Abhi current Nifty level kitna hai?	1		AUTO	0		
115	fresh	Today latest Samsung Galaxy update batao	1		AUTO	0		
116	fresh	Aaj current cricket score kya hai?	1		AUTO	0		
117	fresh	What is the latest flight price from Mumbai to Delhi?	1		AUTO	0		
118	fresh	Current latest Gemma release batao	1		AUTO	0		
119	fresh	Abhi current AQI in Delhi kitna hai?	1		AUTO	0		
120	fresh	Today latest IRCTC Tatkal rules batao	1		AUTO	0		
121	fresh	Aaj price of iPhone 16 kya hai?	1		AUTO	0		
122	fresh	What is the latest gold rate?	1		AUTO	0		
123	fresh	Current petrol price in Mumbai batao	1		AUTO	0		
124	fresh	Abhi latest Python version kitna hai?	1		AUTO	0		
125	fresh	Today current weather in Delhi batao	1		AUTO	0		
126	fresh	Aaj IPL score kya hai?	1		AUTO	0		
127	fresh	What is the latest latest Android update?	1		AUTO	0		
128	fresh	Current PPF interest rate batao	1		AUTO	0		
129	fresh	Abhi Bitcoin price kitna hai?	1		AUTO	0		
130	fresh	Today current Prime Minister of India batao	1		AUTO	0		
131	fresh	Aaj latest news about India kya hai?	1		AUTO	0		
132	fresh	What is the latest today's Mumbai weather?	1		AUTO	0		
133	fresh	Current USD to INR rate batao	1		AUTO	0		
134	fresh	Abhi current Nifty level kitna hai?	1		AUTO	0		
135	fresh	Today latest Samsung Galaxy update batao	1		AUTO	0		
136	fresh	Aaj current cricket score kya hai?	1		AUTO	0		
137	fresh	What is the latest flight price from Mumbai to Delhi?	1		AUTO	0		
138	fresh	Current latest Gemma release batao	1		AUTO	0		
139	fresh	Abhi current AQI in Delhi kitna hai?	1		AUTO	0		
140	fresh	Today latest IRCTC Tatkal rules batao	1		AUTO	0		
141	fresh	Aaj price of iPhone 16 kya hai?	1		AUTO	0		
142	fresh	What is the latest gold rate?	1		AUTO	0		
143	fresh	Current petrol price in Mumbai batao	1		AUTO	0		
144	fresh	Abhi latest Python version kitna hai?	1		AUTO	0		
145	fresh	Today current weather in Delhi batao	1		AUTO	0		
146	fresh	Aaj IPL score kya hai?	1		AUTO	0		
147	fresh	What is the latest latest Android update?	1		AUTO	0		
148	fresh	Current PPF interest rate batao	1		AUTO	0		
149	fresh	Abhi Bitcoin price kitna hai?	1		AUTO	0		
150	fresh	Today current Prime Minister of India batao	1		AUTO	0		
151	fresh	Aaj latest news about India kya hai?	1		AUTO	0		
152	fresh	What is the latest today's Mumbai weather?	1		AUTO	0		
153	fresh	Current USD to INR rate batao	1		AUTO	0		
154	fresh	Abhi current Nifty level kitna hai?	1		AUTO	0		
155	fresh	Today latest Samsung Galaxy update batao	1		AUTO	0		
156	fresh	Aaj current cricket score kya hai?	1		AUTO	0		
157	fresh	What is the latest flight price from Mumbai to Delhi?	1		AUTO	0		
158	fresh	Current latest Gemma release batao	1		AUTO	0		
159	fresh	Abhi current AQI in Delhi kitna hai?	1		AUTO	0		
160	fresh	Today latest IRCTC Tatkal rules batao	1		AUTO	0		
161	fresh	Aaj price of iPhone 16 kya hai?	1		AUTO	0		
162	fresh	What is the latest gold rate?	1		AUTO	0		
163	fresh	Current petrol price in Mumbai batao	1		AUTO	0		
164	fresh	Abhi latest Python version kitna hai?	1		AUTO	0		
165	fresh	Today current weather in Delhi batao	1		AUTO	0		
166	fresh	Aaj IPL score kya hai?	1		AUTO	0		
167	fresh	What is the latest latest Android update?	1		AUTO	0		
168	fresh	Current PPF interest rate batao	1		AUTO	0		
169	fresh	Abhi Bitcoin price kitna hai?	1		AUTO	0		
170	fresh	Today current Prime Minister of India batao	1		AUTO	0		
171	fresh	Aaj latest news about India kya hai?	1		AUTO	0		
172	fresh	What is the latest today's Mumbai weather?	1		AUTO	0		
173	fresh	Current USD to INR rate batao	1		AUTO	0		
174	fresh	Abhi current Nifty level kitna hai?	1		AUTO	0		
175	fresh	Today latest Samsung Galaxy update batao	1		AUTO	0		
176	fresh	Aaj current cricket score kya hai?	1		AUTO	0		
177	fresh	What is the latest flight price from Mumbai to Delhi?	1		AUTO	0		
178	fresh	Current latest Gemma release batao	1		AUTO	0		
179	fresh	Abhi current AQI in Delhi kitna hai?	1		AUTO	0		
180	fresh	Today latest IRCTC Tatkal rules batao	1		AUTO	0		
181	fresh	Aaj price of iPhone 16 kya hai?	1		AUTO	0		
182	fresh	What is the latest gold rate?	1		AUTO	0		
183	fresh	Current petrol price in Mumbai batao	1		AUTO	0		
184	fresh	Abhi latest Python version kitna hai?	1		AUTO	0		
185	fresh	Today current weather in Delhi batao	1		AUTO	0		
186	fresh	Aaj IPL score kya hai?	1		AUTO	0		
187	fresh	What is the latest latest Android update?	1		AUTO	0		
188	fresh	Current PPF interest rate batao	1		AUTO	0		
189	fresh	Abhi Bitcoin price kitna hai?	1		AUTO	0		
190	fresh	Today current Prime Minister of India batao	1		AUTO	0		
191	fresh	Aaj latest news about India kya hai?	1		AUTO	0		
192	fresh	What is the latest today's Mumbai weather?	1		AUTO	0		
193	fresh	Current USD to INR rate batao	1		AUTO	0		
194	fresh	Abhi current Nifty level kitna hai?	1		AUTO	0		
195	fresh	Today latest Samsung Galaxy update batao	1		AUTO	0		
196	fresh	Aaj current cricket score kya hai?	1		AUTO	0		
197	fresh	What is the latest flight price from Mumbai to Delhi?	1		AUTO	0		
198	fresh	Current latest Gemma release batao	1		AUTO	0		
199	fresh	Abhi current AQI in Delhi kitna hai?	1		AUTO	0		
200	fresh	Today latest IRCTC Tatkal rules batao	1		AUTO	0		
201	explicit	Net pe search karo best laptop under 50000	1		AUTO	0		
202	explicit	Google karke Python 3.13 changes batao	1		AUTO	0		
203	explicit	Internet se dekh ke Mumbai weather forecast batao	1		AUTO	0		
204	explicit	Web par check karo official passport process	1	steps	AUTO	0		
205	explicit	Search online karke electric scooter reviews do	1		AUTO	0		
206	explicit	Net pe search karo Taj Mahal pictures	1	img	AUTO	0		
207	explicit	Google karke Gemma model docs batao	1		AUTO	0		
208	explicit	Internet se dekh ke SBI official site batao	1	link1	AUTO	0		
209	explicit	Web par check karo gold rate today	1		AUTO	0		
210	explicit	Search online karke Manali itinerary do	1		AUTO	0		
211	explicit	Net pe search karo best laptop under 50000	1		AUTO	0		
212	explicit	Google karke Python 3.13 changes batao	1		AUTO	0		
213	explicit	Internet se dekh ke Mumbai weather forecast batao	1		AUTO	0		
214	explicit	Web par check karo official passport process	1	steps	AUTO	0		
215	explicit	Search online karke electric scooter reviews do	1		AUTO	0		
216	explicit	Net pe search karo Taj Mahal pictures	1	img	AUTO	0		
217	explicit	Google karke Gemma model docs batao	1		AUTO	0		
218	explicit	Internet se dekh ke SBI official site batao	1	link1	AUTO	0		
219	explicit	Web par check karo gold rate today	1		AUTO	0		
220	explicit	Search online karke Manali itinerary do	1		AUTO	0		
221	explicit	Net pe search karo best laptop under 50000	1		AUTO	0		
222	explicit	Google karke Python 3.13 changes batao	1		AUTO	0		
223	explicit	Internet se dekh ke Mumbai weather forecast batao	1		AUTO	0		
224	explicit	Web par check karo official passport process	1	steps	AUTO	0		
225	explicit	Search online karke electric scooter reviews do	1		AUTO	0		
226	explicit	Net pe search karo Taj Mahal pictures	1	img	AUTO	0		
227	explicit	Google karke Gemma model docs batao	1		AUTO	0		
228	explicit	Internet se dekh ke SBI official site batao	1	link1	AUTO	0		
229	explicit	Web par check karo gold rate today	1		AUTO	0		
230	explicit	Search online karke Manali itinerary do	1		AUTO	0		
231	explicit	Net pe search karo best laptop under 50000	1		AUTO	0		
232	explicit	Google karke Python 3.13 changes batao	1		AUTO	0		
233	explicit	Internet se dekh ke Mumbai weather forecast batao	1		AUTO	0		
234	explicit	Web par check karo official passport process	1	steps	AUTO	0		
235	explicit	Search online karke electric scooter reviews do	1		AUTO	0		
236	explicit	Net pe search karo Taj Mahal pictures	1	img	AUTO	0		
237	explicit	Google karke Gemma model docs batao	1		AUTO	0		
238	explicit	Internet se dekh ke SBI official site batao	1	link1	AUTO	0		
239	explicit	Web par check karo gold rate today	1		AUTO	0		
240	explicit	Search online karke Manali itinerary do	1		AUTO	0		
241	explicit	Net pe search karo best laptop under 50000	1		AUTO	0		
242	explicit	Google karke Python 3.13 changes batao	1		AUTO	0		
243	explicit	Internet se dekh ke Mumbai weather forecast batao	1		AUTO	0		
244	explicit	Web par check karo official passport process	1	steps	AUTO	0		
245	explicit	Search online karke electric scooter reviews do	1		AUTO	0		
246	explicit	Net pe search karo Taj Mahal pictures	1	img	AUTO	0		
247	explicit	Google karke Gemma model docs batao	1		AUTO	0		
248	explicit	Internet se dekh ke SBI official site batao	1	link1	AUTO	0		
249	explicit	Web par check karo gold rate today	1		AUTO	0		
250	explicit	Search online karke Manali itinerary do	1		AUTO	0		
251	explicit	Net pe search karo best laptop under 50000	1		AUTO	0		
252	explicit	Google karke Python 3.13 changes batao	1		AUTO	0		
253	explicit	Internet se dekh ke Mumbai weather forecast batao	1		AUTO	0		
254	explicit	Web par check karo official passport process	1	steps	AUTO	0		
255	explicit	Search online karke electric scooter reviews do	1		AUTO	0		
256	explicit	Net pe search karo Taj Mahal pictures	1	img	AUTO	0		
257	explicit	Google karke Gemma model docs batao	1		AUTO	0		
258	explicit	Internet se dekh ke SBI official site batao	1	link1	AUTO	0		
259	explicit	Web par check karo gold rate today	1		AUTO	0		
260	explicit	Search online karke Manali itinerary do	1		AUTO	0		
261	explicit	Net pe search karo best laptop under 50000	1		AUTO	0		
262	explicit	Google karke Python 3.13 changes batao	1		AUTO	0		
263	explicit	Internet se dekh ke Mumbai weather forecast batao	1		AUTO	0		
264	explicit	Web par check karo official passport process	1	steps	AUTO	0		
265	explicit	Search online karke electric scooter reviews do	1		AUTO	0		
266	explicit	Net pe search karo Taj Mahal pictures	1	img	AUTO	0		
267	explicit	Google karke Gemma model docs batao	1		AUTO	0		
268	explicit	Internet se dekh ke SBI official site batao	1	link1	AUTO	0		
269	explicit	Web par check karo gold rate today	1		AUTO	0		
270	explicit	Search online karke Manali itinerary do	1		AUTO	0		
271	explicit	Net pe search karo best laptop under 50000	1		AUTO	0		
272	explicit	Google karke Python 3.13 changes batao	1		AUTO	0		
273	explicit	Internet se dekh ke Mumbai weather forecast batao	1		AUTO	0		
274	explicit	Web par check karo official passport process	1	steps	AUTO	0		
275	explicit	Search online karke electric scooter reviews do	1		AUTO	0		
276	explicit	Net pe search karo Taj Mahal pictures	1	img	AUTO	0		
277	explicit	Google karke Gemma model docs batao	1		AUTO	0		
278	explicit	Internet se dekh ke SBI official site batao	1	link1	AUTO	0		
279	explicit	Web par check karo gold rate today	1		AUTO	0		
280	explicit	Search online karke Manali itinerary do	1		AUTO	0		
281	explicit	Net pe search karo best laptop under 50000	1		AUTO	0		
282	explicit	Google karke Python 3.13 changes batao	1		AUTO	0		
283	explicit	Internet se dekh ke Mumbai weather forecast batao	1		AUTO	0		
284	explicit	Web par check karo official passport process	1	steps	AUTO	0		
285	explicit	Search online karke electric scooter reviews do	1		AUTO	0		
286	explicit	Net pe search karo Taj Mahal pictures	1	img	AUTO	0		
287	explicit	Google karke Gemma model docs batao	1		AUTO	0		
288	explicit	Internet se dekh ke SBI official site batao	1	link1	AUTO	0		
289	explicit	Web par check karo gold rate today	1		AUTO	0		
290	explicit	Search online karke Manali itinerary do	1		AUTO	0		
291	explicit	Net pe search karo best laptop under 50000	1		AUTO	0		
292	explicit	Google karke Python 3.13 changes batao	1		AUTO	0		
293	explicit	Internet se dekh ke Mumbai weather forecast batao	1		AUTO	0		
294	explicit	Web par check karo official passport process	1	steps	AUTO	0		
295	explicit	Search online karke electric scooter reviews do	1		AUTO	0		
296	explicit	Net pe search karo Taj Mahal pictures	1	img	AUTO	0		
297	explicit	Google karke Gemma model docs batao	1		AUTO	0		
298	explicit	Internet se dekh ke SBI official site batao	1	link1	AUTO	0		
299	explicit	Web par check karo gold rate today	1		AUTO	0		
300	explicit	Search online karke Manali itinerary do	1		AUTO	0		
301	image_show	iPhone 16 ka photo dikhao	1	img	AUTO	0		
302	image_show	Show me pictures of Taj Mahal	1	img	AUTO	0		
303	image_show	red panda ki tasveer dikha do	1	img	AUTO	0		
304	image_show	Ganpati idol ki image do	1	img	AUTO	0		
305	image_show	India map ka diagram dikhao	1	img	AUTO	0		
306	image_show	MCB wiring diagram ka photo dikhao	1	img	AUTO	0		
307	image_show	Show me pictures of Eiffel Tower	1	img	AUTO	0		
308	image_show	Tesla logo ki tasveer dikha do	1	img	AUTO	0		
309	image_show	Goa beach ki image do	1	img	AUTO	0		
310	image_show	Qutub Minar ka diagram dikhao	1	img	AUTO	0		
311	image_show	iPhone 16 ka photo dikhao	1	img	AUTO	0		
312	image_show	Show me pictures of Taj Mahal	1	img	AUTO	0		
313	image_show	red panda ki tasveer dikha do	1	img	AUTO	0		
314	image_show	Ganpati idol ki image do	1	img	AUTO	0		
315	image_show	India map ka diagram dikhao	1	img	AUTO	0		
316	image_show	MCB wiring diagram ka photo dikhao	1	img	AUTO	0		
317	image_show	Show me pictures of Eiffel Tower	1	img	AUTO	0		
318	image_show	Tesla logo ki tasveer dikha do	1	img	AUTO	0		
319	image_show	Goa beach ki image do	1	img	AUTO	0		
320	image_show	Qutub Minar ka diagram dikhao	1	img	AUTO	0		
321	image_show	iPhone 16 ka photo dikhao	1	img	AUTO	0		
322	image_show	Show me pictures of Taj Mahal	1	img	AUTO	0		
323	image_show	red panda ki tasveer dikha do	1	img	AUTO	0		
324	image_show	Ganpati idol ki image do	1	img	AUTO	0		
325	image_show	India map ka diagram dikhao	1	img	AUTO	0		
326	image_show	MCB wiring diagram ka photo dikhao	1	img	AUTO	0		
327	image_show	Show me pictures of Eiffel Tower	1	img	AUTO	0		
328	image_show	Tesla logo ki tasveer dikha do	1	img	AUTO	0		
329	image_show	Goa beach ki image do	1	img	AUTO	0		
330	image_show	Qutub Minar ka diagram dikhao	1	img	AUTO	0		
331	image_show	iPhone 16 ka photo dikhao	1	img	AUTO	0		
332	image_show	Show me pictures of Taj Mahal	1	img	AUTO	0		
333	image_show	red panda ki tasveer dikha do	1	img	AUTO	0		
334	image_show	Ganpati idol ki image do	1	img	AUTO	0		
335	image_show	India map ka diagram dikhao	1	img	AUTO	0		
336	image_show	MCB wiring diagram ka photo dikhao	1	img	AUTO	0		
337	image_show	Show me pictures of Eiffel Tower	1	img	AUTO	0		
338	image_show	Tesla logo ki tasveer dikha do	1	img	AUTO	0		
339	image_show	Goa beach ki image do	1	img	AUTO	0		
340	image_show	Qutub Minar ka diagram dikhao	1	img	AUTO	0		
341	image_show	iPhone 16 ka photo dikhao	1	img	AUTO	0		
342	image_show	Show me pictures of Taj Mahal	1	img	AUTO	0		
343	image_show	red panda ki tasveer dikha do	1	img	AUTO	0		
344	image_show	Ganpati idol ki image do	1	img	AUTO	0		
345	image_show	India map ka diagram dikhao	1	img	AUTO	0		
346	image_show	MCB wiring diagram ka photo dikhao	1	img	AUTO	0		
347	image_show	Show me pictures of Eiffel Tower	1	img	AUTO	0		
348	image_show	Tesla logo ki tasveer dikha do	1	img	AUTO	0		
349	image_show	Goa beach ki image do	1	img	AUTO	0		
350	image_show	Qutub Minar ka diagram dikhao	1	img	AUTO	0		
351	image_show	iPhone 16 ka photo dikhao	1	img	AUTO	0		
352	image_show	Show me pictures of Taj Mahal	1	img	AUTO	0		
353	image_show	red panda ki tasveer dikha do	1	img	AUTO	0		
354	image_show	Ganpati idol ki image do	1	img	AUTO	0		
355	image_show	India map ka diagram dikhao	1	img	AUTO	0		
356	image_show	MCB wiring diagram ka photo dikhao	1	img	AUTO	0		
357	image_show	Show me pictures of Eiffel Tower	1	img	AUTO	0		
358	image_show	Tesla logo ki tasveer dikha do	1	img	AUTO	0		
359	image_show	Goa beach ki image do	1	img	AUTO	0		
360	image_show	Qutub Minar ka diagram dikhao	1	img	AUTO	0		
361	image_show	iPhone 16 ka photo dikhao	1	img	AUTO	0		
362	image_show	Show me pictures of Taj Mahal	1	img	AUTO	0		
363	image_show	red panda ki tasveer dikha do	1	img	AUTO	0		
364	image_show	Ganpati idol ki image do	1	img	AUTO	0		
365	image_show	India map ka diagram dikhao	1	img	AUTO	0		
366	image_show	MCB wiring diagram ka photo dikhao	1	img	AUTO	0		
367	image_show	Show me pictures of Eiffel Tower	1	img	AUTO	0		
368	image_show	Tesla logo ki tasveer dikha do	1	img	AUTO	0		
369	image_show	Goa beach ki image do	1	img	AUTO	0		
370	image_show	Qutub Minar ka diagram dikhao	1	img	AUTO	0		
371	image_show	iPhone 16 ka photo dikhao	1	img	AUTO	0		
372	image_show	Show me pictures of Taj Mahal	1	img	AUTO	0		
373	image_show	red panda ki tasveer dikha do	1	img	AUTO	0		
374	image_show	Ganpati idol ki image do	1	img	AUTO	0		
375	image_show	India map ka diagram dikhao	1	img	AUTO	0		
376	image_show	MCB wiring diagram ka photo dikhao	1	img	AUTO	0		
377	image_show	Show me pictures of Eiffel Tower	1	img	AUTO	0		
378	image_show	Tesla logo ki tasveer dikha do	1	img	AUTO	0		
379	image_show	Goa beach ki image do	1	img	AUTO	0		
380	image_show	Qutub Minar ka diagram dikhao	1	img	AUTO	0		
381	image_show	iPhone 16 ka photo dikhao	1	img	AUTO	0		
382	image_show	Show me pictures of Taj Mahal	1	img	AUTO	0		
383	image_show	red panda ki tasveer dikha do	1	img	AUTO	0		
384	image_show	Ganpati idol ki image do	1	img	AUTO	0		
385	image_show	India map ka diagram dikhao	1	img	AUTO	0		
386	image_show	MCB wiring diagram ka photo dikhao	1	img	AUTO	0		
387	image_show	Show me pictures of Eiffel Tower	1	img	AUTO	0		
388	image_show	Tesla logo ki tasveer dikha do	1	img	AUTO	0		
389	image_show	Goa beach ki image do	1	img	AUTO	0		
390	image_show	Qutub Minar ka diagram dikhao	1	img	AUTO	0		
391	image_show	iPhone 16 ka photo dikhao	1	img	AUTO	0		
392	image_show	Show me pictures of Taj Mahal	1	img	AUTO	0		
393	image_show	red panda ki tasveer dikha do	1	img	AUTO	0		
394	image_show	Ganpati idol ki image do	1	img	AUTO	0		
395	image_show	India map ka diagram dikhao	1	img	AUTO	0		
396	image_show	MCB wiring diagram ka photo dikhao	1	img	AUTO	0		
397	image_show	Show me pictures of Eiffel Tower	1	img	AUTO	0		
398	image_show	Tesla logo ki tasveer dikha do	1	img	AUTO	0		
399	image_show	Goa beach ki image do	1	img	AUTO	0		
400	image_show	Qutub Minar ka diagram dikhao	1	img	AUTO	0		
401	image_read	iPhone 16 ki photo padh ke batao	1	readimg ro	AUTO	0		
402	image_read	Read the picture of Taj Mahal and tell me what is in it	1	readimg	AUTO	0		
403	image_read	red panda ki image dekh ke samjhao	1	readimg	AUTO	0		
404	image_read	Analyze the Ganpati idol diagram and explain it	1	readimg	AUTO	0		
405	image_read	India map ki tasveer sirf padh ke batao, dikhana mat	1	readimg ro	AUTO	0		
406	image_read	MCB wiring diagram ki photo padh ke batao	1	readimg ro	AUTO	0		
407	image_read	Read the picture of Eiffel Tower and tell me what is in it	1	readimg	AUTO	0		
408	image_read	Tesla logo ki image dekh ke samjhao	1	readimg	AUTO	0		
409	image_read	Analyze the Goa beach diagram and explain it	1	readimg	AUTO	0		
410	image_read	Qutub Minar ki tasveer sirf padh ke batao, dikhana mat	1	readimg ro	AUTO	0		
411	image_read	iPhone 16 ki photo padh ke batao	1	readimg ro	AUTO	0		
412	image_read	Read the picture of Taj Mahal and tell me what is in it	1	readimg	AUTO	0		
413	image_read	red panda ki image dekh ke samjhao	1	readimg	AUTO	0		
414	image_read	Analyze the Ganpati idol diagram and explain it	1	readimg	AUTO	0		
415	image_read	India map ki tasveer sirf padh ke batao, dikhana mat	1	readimg ro	AUTO	0		
416	image_read	MCB wiring diagram ki photo padh ke batao	1	readimg ro	AUTO	0		
417	image_read	Read the picture of Eiffel Tower and tell me what is in it	1	readimg	AUTO	0		
418	image_read	Tesla logo ki image dekh ke samjhao	1	readimg	AUTO	0		
419	image_read	Analyze the Goa beach diagram and explain it	1	readimg	AUTO	0		
420	image_read	Qutub Minar ki tasveer sirf padh ke batao, dikhana mat	1	readimg ro	AUTO	0		
421	image_read	iPhone 16 ki photo padh ke batao	1	readimg ro	AUTO	0		
422	image_read	Read the picture of Taj Mahal and tell me what is in it	1	readimg	AUTO	0		
423	image_read	red panda ki image dekh ke samjhao	1	readimg	AUTO	0		
424	image_read	Analyze the Ganpati idol diagram and explain it	1	readimg	AUTO	0		
425	image_read	India map ki tasveer sirf padh ke batao, dikhana mat	1	readimg ro	AUTO	0		
426	image_read	MCB wiring diagram ki photo padh ke batao	1	readimg ro	AUTO	0		
427	image_read	Read the picture of Eiffel Tower and tell me what is in it	1	readimg	AUTO	0		
428	image_read	Tesla logo ki image dekh ke samjhao	1	readimg	AUTO	0		
429	image_read	Analyze the Goa beach diagram and explain it	1	readimg	AUTO	0		
430	image_read	Qutub Minar ki tasveer sirf padh ke batao, dikhana mat	1	readimg ro	AUTO	0		
431	image_read	iPhone 16 ki photo padh ke batao	1	readimg ro	AUTO	0		
432	image_read	Read the picture of Taj Mahal and tell me what is in it	1	readimg	AUTO	0		
433	image_read	red panda ki image dekh ke samjhao	1	readimg	AUTO	0		
434	image_read	Analyze the Ganpati idol diagram and explain it	1	readimg	AUTO	0		
435	image_read	India map ki tasveer sirf padh ke batao, dikhana mat	1	readimg ro	AUTO	0		
436	image_read	MCB wiring diagram ki photo padh ke batao	1	readimg ro	AUTO	0		
437	image_read	Read the picture of Eiffel Tower and tell me what is in it	1	readimg	AUTO	0		
438	image_read	Tesla logo ki image dekh ke samjhao	1	readimg	AUTO	0		
439	image_read	Analyze the Goa beach diagram and explain it	1	readimg	AUTO	0		
440	image_read	Qutub Minar ki tasveer sirf padh ke batao, dikhana mat	1	readimg ro	AUTO	0		
441	image_read	iPhone 16 ki photo padh ke batao	1	readimg ro	AUTO	0		
442	image_read	Read the picture of Taj Mahal and tell me what is in it	1	readimg	AUTO	0		
443	image_read	red panda ki image dekh ke samjhao	1	readimg	AUTO	0		
444	image_read	Analyze the Ganpati idol diagram and explain it	1	readimg	AUTO	0		
445	image_read	India map ki tasveer sirf padh ke batao, dikhana mat	1	readimg ro	AUTO	0		
446	image_read	MCB wiring diagram ki photo padh ke batao	1	readimg ro	AUTO	0		
447	image_read	Read the picture of Eiffel Tower and tell me what is in it	1	readimg	AUTO	0		
448	image_read	Tesla logo ki image dekh ke samjhao	1	readimg	AUTO	0		
449	image_read	Analyze the Goa beach diagram and explain it	1	readimg	AUTO	0		
450	image_read	Qutub Minar ki tasveer sirf padh ke batao, dikhana mat	1	readimg ro	AUTO	0		
451	image_read	iPhone 16 ki photo padh ke batao	1	readimg ro	AUTO	0		
452	image_read	Read the picture of Taj Mahal and tell me what is in it	1	readimg	AUTO	0		
453	image_read	red panda ki image dekh ke samjhao	1	readimg	AUTO	0		
454	image_read	Analyze the Ganpati idol diagram and explain it	1	readimg	AUTO	0		
455	image_read	India map ki tasveer sirf padh ke batao, dikhana mat	1	readimg ro	AUTO	0		
456	image_read	MCB wiring diagram ki photo padh ke batao	1	readimg ro	AUTO	0		
457	image_read	Read the picture of Eiffel Tower and tell me what is in it	1	readimg	AUTO	0		
458	image_read	Tesla logo ki image dekh ke samjhao	1	readimg	AUTO	0		
459	image_read	Analyze the Goa beach diagram and explain it	1	readimg	AUTO	0		
460	image_read	Qutub Minar ki tasveer sirf padh ke batao, dikhana mat	1	readimg ro	AUTO	0		
461	image_read	iPhone 16 ki photo padh ke batao	1	readimg ro	AUTO	0		
462	image_read	Read the picture of Taj Mahal and tell me what is in it	1	readimg	AUTO	0		
463	image_read	red panda ki image dekh ke samjhao	1	readimg	AUTO	0		
464	image_read	Analyze the Ganpati idol diagram and explain it	1	readimg	AUTO	0		
465	image_read	India map ki tasveer sirf padh ke batao, dikhana mat	1	readimg ro	AUTO	0		
466	image_read	MCB wiring diagram ki photo padh ke batao	1	readimg ro	AUTO	0		
467	image_read	Read the picture of Eiffel Tower and tell me what is in it	1	readimg	AUTO	0		
468	image_read	Tesla logo ki image dekh ke samjhao	1	readimg	AUTO	0		
469	image_read	Analyze the Goa beach diagram and explain it	1	readimg	AUTO	0		
470	image_read	Qutub Minar ki tasveer sirf padh ke batao, dikhana mat	1	readimg ro	AUTO	0		
471	image_read	iPhone 16 ki photo padh ke batao	1	readimg ro	AUTO	0		
472	image_read	Read the picture of Taj Mahal and tell me what is in it	1	readimg	AUTO	0		
473	image_read	red panda ki image dekh ke samjhao	1	readimg	AUTO	0		
474	image_read	Analyze the Ganpati idol diagram and explain it	1	readimg	AUTO	0		
475	image_read	India map ki tasveer sirf padh ke batao, dikhana mat	1	readimg ro	AUTO	0		
476	image_read	MCB wiring diagram ki photo padh ke batao	1	readimg ro	AUTO	0		
477	image_read	Read the picture of Eiffel Tower and tell me what is in it	1	readimg	AUTO	0		
478	image_read	Tesla logo ki image dekh ke samjhao	1	readimg	AUTO	0		
479	image_read	Analyze the Goa beach diagram and explain it	1	readimg	AUTO	0		
480	image_read	Qutub Minar ki tasveer sirf padh ke batao, dikhana mat	1	readimg ro	AUTO	0		
481	image_read	iPhone 16 ki photo padh ke batao	1	readimg ro	AUTO	0		
482	image_read	Read the picture of Taj Mahal and tell me what is in it	1	readimg	AUTO	0		
483	image_read	red panda ki image dekh ke samjhao	1	readimg	AUTO	0		
484	image_read	Analyze the Ganpati idol diagram and explain it	1	readimg	AUTO	0		
485	image_read	India map ki tasveer sirf padh ke batao, dikhana mat	1	readimg ro	AUTO	0		
486	image_read	MCB wiring diagram ki photo padh ke batao	1	readimg ro	AUTO	0		
487	image_read	Read the picture of Eiffel Tower and tell me what is in it	1	readimg	AUTO	0		
488	image_read	Tesla logo ki image dekh ke samjhao	1	readimg	AUTO	0		
489	image_read	Analyze the Goa beach diagram and explain it	1	readimg	AUTO	0		
490	image_read	Qutub Minar ki tasveer sirf padh ke batao, dikhana mat	1	readimg ro	AUTO	0		
491	image_read	iPhone 16 ki photo padh ke batao	1	readimg ro	AUTO	0		
492	image_read	Read the picture of Taj Mahal and tell me what is in it	1	readimg	AUTO	0		
493	image_read	red panda ki image dekh ke samjhao	1	readimg	AUTO	0		
494	image_read	Analyze the Ganpati idol diagram and explain it	1	readimg	AUTO	0		
495	image_read	India map ki tasveer sirf padh ke batao, dikhana mat	1	readimg ro	AUTO	0		
496	image_read	MCB wiring diagram ki photo padh ke batao	1	readimg ro	AUTO	0		
497	image_read	Read the picture of Eiffel Tower and tell me what is in it	1	readimg	AUTO	0		
498	image_read	Tesla logo ki image dekh ke samjhao	1	readimg	AUTO	0		
499	image_read	Analyze the Goa beach diagram and explain it	1	readimg	AUTO	0		
500	image_read	Qutub Minar ki tasveer sirf padh ke batao, dikhana mat	1	readimg ro	AUTO	0		
501	links	SBI ki official website ka link do	1	link1	AUTO	0		
502	links	Give me the official link for Python	1	link1	AUTO	0		
503	links	passport application ke kuch links do	1	linkN	AUTO	0		
504	links	Sources do for IRCTC Tatkal	1	linkN	AUTO	0		
505	links	Where can I find Tavily API online?	1	link1	AUTO	0		
506	links	Android documentation ki official website ka link do	1	link1	AUTO	0		
507	links	Give me the official link for Google Maps	1	link1	AUTO	0		
508	links	UPI rules ke kuch links do	1	linkN	AUTO	0		
509	links	Sources do for GitHub	1	linkN	AUTO	0		
510	links	Where can I find Gemma documentation online?	1	link1	AUTO	0		
511	links	SBI ki official website ka link do	1	link1	AUTO	0		
512	links	Give me the official link for Python	1	link1	AUTO	0		
513	links	passport application ke kuch links do	1	linkN	AUTO	0		
514	links	Sources do for IRCTC Tatkal	1	linkN	AUTO	0		
515	links	Where can I find Tavily API online?	1	link1	AUTO	0		
516	links	Android documentation ki official website ka link do	1	link1	AUTO	0		
517	links	Give me the official link for Google Maps	1	link1	AUTO	0		
518	links	UPI rules ke kuch links do	1	linkN	AUTO	0		
519	links	Sources do for GitHub	1	linkN	AUTO	0		
520	links	Where can I find Gemma documentation online?	1	link1	AUTO	0		
521	links	SBI ki official website ka link do	1	link1	AUTO	0		
522	links	Give me the official link for Python	1	link1	AUTO	0		
523	links	passport application ke kuch links do	1	linkN	AUTO	0		
524	links	Sources do for IRCTC Tatkal	1	linkN	AUTO	0		
525	links	Where can I find Tavily API online?	1	link1	AUTO	0		
526	links	Android documentation ki official website ka link do	1	link1	AUTO	0		
527	links	Give me the official link for Google Maps	1	link1	AUTO	0		
528	links	UPI rules ke kuch links do	1	linkN	AUTO	0		
529	links	Sources do for GitHub	1	linkN	AUTO	0		
530	links	Where can I find Gemma documentation online?	1	link1	AUTO	0		
531	links	SBI ki official website ka link do	1	link1	AUTO	0		
532	links	Give me the official link for Python	1	link1	AUTO	0		
533	links	passport application ke kuch links do	1	linkN	AUTO	0		
534	links	Sources do for IRCTC Tatkal	1	linkN	AUTO	0		
535	links	Where can I find Tavily API online?	1	link1	AUTO	0		
536	links	Android documentation ki official website ka link do	1	link1	AUTO	0		
537	links	Give me the official link for Google Maps	1	link1	AUTO	0		
538	links	UPI rules ke kuch links do	1	linkN	AUTO	0		
539	links	Sources do for GitHub	1	linkN	AUTO	0		
540	links	Where can I find Gemma documentation online?	1	link1	AUTO	0		
541	links	SBI ki official website ka link do	1	link1	AUTO	0		
542	links	Give me the official link for Python	1	link1	AUTO	0		
543	links	passport application ke kuch links do	1	linkN	AUTO	0		
544	links	Sources do for IRCTC Tatkal	1	linkN	AUTO	0		
545	links	Where can I find Tavily API online?	1	link1	AUTO	0		
546	links	Android documentation ki official website ka link do	1	link1	AUTO	0		
547	links	Give me the official link for Google Maps	1	link1	AUTO	0		
548	links	UPI rules ke kuch links do	1	linkN	AUTO	0		
549	links	Sources do for GitHub	1	linkN	AUTO	0		
550	links	Where can I find Gemma documentation online?	1	link1	AUTO	0		
551	links	SBI ki official website ka link do	1	link1	AUTO	0		
552	links	Give me the official link for Python	1	link1	AUTO	0		
553	links	passport application ke kuch links do	1	linkN	AUTO	0		
554	links	Sources do for IRCTC Tatkal	1	linkN	AUTO	0		
555	links	Where can I find Tavily API online?	1	link1	AUTO	0		
556	links	Android documentation ki official website ka link do	1	link1	AUTO	0		
557	links	Give me the official link for Google Maps	1	link1	AUTO	0		
558	links	UPI rules ke kuch links do	1	linkN	AUTO	0		
559	links	Sources do for GitHub	1	linkN	AUTO	0		
560	links	Where can I find Gemma documentation online?	1	link1	AUTO	0		
561	links	SBI ki official website ka link do	1	link1	AUTO	0		
562	links	Give me the official link for Python	1	link1	AUTO	0		
563	links	passport application ke kuch links do	1	linkN	AUTO	0		
564	links	Sources do for IRCTC Tatkal	1	linkN	AUTO	0		
565	links	Where can I find Tavily API online?	1	link1	AUTO	0		
566	links	Android documentation ki official website ka link do	1	link1	AUTO	0		
567	links	Give me the official link for Google Maps	1	link1	AUTO	0		
568	links	UPI rules ke kuch links do	1	linkN	AUTO	0		
569	links	Sources do for GitHub	1	linkN	AUTO	0		
570	links	Where can I find Gemma documentation online?	1	link1	AUTO	0		
571	links	SBI ki official website ka link do	1	link1	AUTO	0		
572	links	Give me the official link for Python	1	link1	AUTO	0		
573	links	passport application ke kuch links do	1	linkN	AUTO	0		
574	links	Sources do for IRCTC Tatkal	1	linkN	AUTO	0		
575	links	Where can I find Tavily API online?	1	link1	AUTO	0		
576	links	Android documentation ki official website ka link do	1	link1	AUTO	0		
577	links	Give me the official link for Google Maps	1	link1	AUTO	0		
578	links	UPI rules ke kuch links do	1	linkN	AUTO	0		
579	links	Sources do for GitHub	1	linkN	AUTO	0		
580	links	Where can I find Gemma documentation online?	1	link1	AUTO	0		
581	links	SBI ki official website ka link do	1	link1	AUTO	0		
582	links	Give me the official link for Python	1	link1	AUTO	0		
583	links	passport application ke kuch links do	1	linkN	AUTO	0		
584	links	Sources do for IRCTC Tatkal	1	linkN	AUTO	0		
585	links	Where can I find Tavily API online?	1	link1	AUTO	0		
586	links	Android documentation ki official website ka link do	1	link1	AUTO	0		
587	links	Give me the official link for Google Maps	1	link1	AUTO	0		
588	links	UPI rules ke kuch links do	1	linkN	AUTO	0		
589	links	Sources do for GitHub	1	linkN	AUTO	0		
590	links	Where can I find Gemma documentation online?	1	link1	AUTO	0		
591	links	SBI ki official website ka link do	1	link1	AUTO	0		
592	links	Give me the official link for Python	1	link1	AUTO	0		
593	links	passport application ke kuch links do	1	linkN	AUTO	0		
594	links	Sources do for IRCTC Tatkal	1	linkN	AUTO	0		
595	links	Where can I find Tavily API online?	1	link1	AUTO	0		
596	links	Android documentation ki official website ka link do	1	link1	AUTO	0		
597	links	Give me the official link for Google Maps	1	link1	AUTO	0		
598	links	UPI rules ke kuch links do	1	linkN	AUTO	0		
599	links	Sources do for GitHub	1	linkN	AUTO	0		
600	links	Where can I find Gemma documentation online?	1	link1	AUTO	0		
601	procedure	passport kaise banaye	1	steps link1	AUTO	0		
602	procedure	How to apply for Aadhaar card	1	steps link1	AUTO	0		
603	procedure	PAN card ke liye step by step process batao	1	steps link1	AUTO	0		
604	procedure	driving licence ka online procedure kya hai?	1	steps link1	AUTO	0		
605	procedure	IRCTC Tatkal ticket kaise karein, official steps ke saath	1	steps link1	AUTO	0		
606	procedure	GST registration kaise banaye	1	steps link1	AUTO	0		
607	procedure	How to apply for income tax return	1	steps link1	AUTO	0		
608	procedure	FASTag ke liye step by step process batao	1	steps link1	AUTO	0		
609	procedure	DigiLocker account ka online procedure kya hai?	1	steps link1	AUTO	0		
610	procedure	bank account kaise karein, official steps ke saath	1	steps link1	AUTO	0		
611	procedure	passport kaise banaye	1	steps link1	AUTO	0		
612	procedure	How to apply for Aadhaar card	1	steps link1	AUTO	0		
613	procedure	PAN card ke liye step by step process batao	1	steps link1	AUTO	0		
614	procedure	driving licence ka online procedure kya hai?	1	steps link1	AUTO	0		
615	procedure	IRCTC Tatkal ticket kaise karein, official steps ke saath	1	steps link1	AUTO	0		
616	procedure	GST registration kaise banaye	1	steps link1	AUTO	0		
617	procedure	How to apply for income tax return	1	steps link1	AUTO	0		
618	procedure	FASTag ke liye step by step process batao	1	steps link1	AUTO	0		
619	procedure	DigiLocker account ka online procedure kya hai?	1	steps link1	AUTO	0		
620	procedure	bank account kaise karein, official steps ke saath	1	steps link1	AUTO	0		
621	procedure	passport kaise banaye	1	steps link1	AUTO	0		
622	procedure	How to apply for Aadhaar card	1	steps link1	AUTO	0		
623	procedure	PAN card ke liye step by step process batao	1	steps link1	AUTO	0		
624	procedure	driving licence ka online procedure kya hai?	1	steps link1	AUTO	0		
625	procedure	IRCTC Tatkal ticket kaise karein, official steps ke saath	1	steps link1	AUTO	0		
626	procedure	GST registration kaise banaye	1	steps link1	AUTO	0		
627	procedure	How to apply for income tax return	1	steps link1	AUTO	0		
628	procedure	FASTag ke liye step by step process batao	1	steps link1	AUTO	0		
629	procedure	DigiLocker account ka online procedure kya hai?	1	steps link1	AUTO	0		
630	procedure	bank account kaise karein, official steps ke saath	1	steps link1	AUTO	0		
631	procedure	passport kaise banaye	1	steps link1	AUTO	0		
632	procedure	How to apply for Aadhaar card	1	steps link1	AUTO	0		
633	procedure	PAN card ke liye step by step process batao	1	steps link1	AUTO	0		
634	procedure	driving licence ka online procedure kya hai?	1	steps link1	AUTO	0		
635	procedure	IRCTC Tatkal ticket kaise karein, official steps ke saath	1	steps link1	AUTO	0		
636	procedure	GST registration kaise banaye	1	steps link1	AUTO	0		
637	procedure	How to apply for income tax return	1	steps link1	AUTO	0		
638	procedure	FASTag ke liye step by step process batao	1	steps link1	AUTO	0		
639	procedure	DigiLocker account ka online procedure kya hai?	1	steps link1	AUTO	0		
640	procedure	bank account kaise karein, official steps ke saath	1	steps link1	AUTO	0		
641	procedure	passport kaise banaye	1	steps link1	AUTO	0		
642	procedure	How to apply for Aadhaar card	1	steps link1	AUTO	0		
643	procedure	PAN card ke liye step by step process batao	1	steps link1	AUTO	0		
644	procedure	driving licence ka online procedure kya hai?	1	steps link1	AUTO	0		
645	procedure	IRCTC Tatkal ticket kaise karein, official steps ke saath	1	steps link1	AUTO	0		
646	procedure	GST registration kaise banaye	1	steps link1	AUTO	0		
647	procedure	How to apply for income tax return	1	steps link1	AUTO	0		
648	procedure	FASTag ke liye step by step process batao	1	steps link1	AUTO	0		
649	procedure	DigiLocker account ka online procedure kya hai?	1	steps link1	AUTO	0		
650	procedure	bank account kaise karein, official steps ke saath	1	steps link1	AUTO	0		
651	procedure	passport kaise banaye	1	steps link1	AUTO	0		
652	procedure	How to apply for Aadhaar card	1	steps link1	AUTO	0		
653	procedure	PAN card ke liye step by step process batao	1	steps link1	AUTO	0		
654	procedure	driving licence ka online procedure kya hai?	1	steps link1	AUTO	0		
655	procedure	IRCTC Tatkal ticket kaise karein, official steps ke saath	1	steps link1	AUTO	0		
656	procedure	GST registration kaise banaye	1	steps link1	AUTO	0		
657	procedure	How to apply for income tax return	1	steps link1	AUTO	0		
658	procedure	FASTag ke liye step by step process batao	1	steps link1	AUTO	0		
659	procedure	DigiLocker account ka online procedure kya hai?	1	steps link1	AUTO	0		
660	procedure	bank account kaise karein, official steps ke saath	1	steps link1	AUTO	0		
661	procedure	passport kaise banaye	1	steps link1	AUTO	0		
662	procedure	How to apply for Aadhaar card	1	steps link1	AUTO	0		
663	procedure	PAN card ke liye step by step process batao	1	steps link1	AUTO	0		
664	procedure	driving licence ka online procedure kya hai?	1	steps link1	AUTO	0		
665	procedure	IRCTC Tatkal ticket kaise karein, official steps ke saath	1	steps link1	AUTO	0		
666	procedure	GST registration kaise banaye	1	steps link1	AUTO	0		
667	procedure	How to apply for income tax return	1	steps link1	AUTO	0		
668	procedure	FASTag ke liye step by step process batao	1	steps link1	AUTO	0		
669	procedure	DigiLocker account ka online procedure kya hai?	1	steps link1	AUTO	0		
670	procedure	bank account kaise karein, official steps ke saath	1	steps link1	AUTO	0		
671	procedure	passport kaise banaye	1	steps link1	AUTO	0		
672	procedure	How to apply for Aadhaar card	1	steps link1	AUTO	0		
673	procedure	PAN card ke liye step by step process batao	1	steps link1	AUTO	0		
674	procedure	driving licence ka online procedure kya hai?	1	steps link1	AUTO	0		
675	procedure	IRCTC Tatkal ticket kaise karein, official steps ke saath	1	steps link1	AUTO	0		
676	procedure	GST registration kaise banaye	1	steps link1	AUTO	0		
677	procedure	How to apply for income tax return	1	steps link1	AUTO	0		
678	procedure	FASTag ke liye step by step process batao	1	steps link1	AUTO	0		
679	procedure	DigiLocker account ka online procedure kya hai?	1	steps link1	AUTO	0		
680	procedure	bank account kaise karein, official steps ke saath	1	steps link1	AUTO	0		
681	procedure	passport kaise banaye	1	steps link1	AUTO	0		
682	procedure	How to apply for Aadhaar card	1	steps link1	AUTO	0		
683	procedure	PAN card ke liye step by step process batao	1	steps link1	AUTO	0		
684	procedure	driving licence ka online procedure kya hai?	1	steps link1	AUTO	0		
685	procedure	IRCTC Tatkal ticket kaise karein, official steps ke saath	1	steps link1	AUTO	0		
686	procedure	GST registration kaise banaye	1	steps link1	AUTO	0		
687	procedure	How to apply for income tax return	1	steps link1	AUTO	0		
688	procedure	FASTag ke liye step by step process batao	1	steps link1	AUTO	0		
689	procedure	DigiLocker account ka online procedure kya hai?	1	steps link1	AUTO	0		
690	procedure	bank account kaise karein, official steps ke saath	1	steps link1	AUTO	0		
691	procedure	passport kaise banaye	1	steps link1	AUTO	0		
692	procedure	How to apply for Aadhaar card	1	steps link1	AUTO	0		
693	procedure	PAN card ke liye step by step process batao	1	steps link1	AUTO	0		
694	procedure	driving licence ka online procedure kya hai?	1	steps link1	AUTO	0		
695	procedure	IRCTC Tatkal ticket kaise karein, official steps ke saath	1	steps link1	AUTO	0		
696	procedure	GST registration kaise banaye	1	steps link1	AUTO	0		
697	procedure	How to apply for income tax return	1	steps link1	AUTO	0		
698	procedure	FASTag ke liye step by step process batao	1	steps link1	AUTO	0		
699	procedure	DigiLocker account ka online procedure kya hai?	1	steps link1	AUTO	0		
700	procedure	bank account kaise karein, official steps ke saath	1	steps link1	AUTO	0		
701	compare	iPhone 16 vs Samsung S25 compare karo	1	cmp	AUTO	0		
702	compare	Compare Redmi Note 14 vs Realme 14	1	cmp	AUTO	0		
703	compare	Creta vs Nexon me kya farq hai?	1	cmp	AUTO	0		
704	compare	Which is better: Activa 6G vs Jupiter?	1	cmp	AUTO	0		
705	compare	Gemma E4B vs E2B ka difference batao	1	cmp	AUTO	0		
706	compare	Qwen 4B vs Gemma 4B compare karo	1	cmp	AUTO	0		
707	compare	Compare Python vs Java	1	cmp	AUTO	0		
708	compare	Goa vs Manali me kya farq hai?	1	cmp	AUTO	0		
709	compare	Which is better: OLED vs LCD?	1	cmp	AUTO	0		
710	compare	SSD vs HDD ka difference batao	1	cmp	AUTO	0		
711	compare	iPhone 16 vs Samsung S25 compare karo	1	cmp	AUTO	0		
712	compare	Compare Redmi Note 14 vs Realme 14	1	cmp	AUTO	0		
713	compare	Creta vs Nexon me kya farq hai?	1	cmp	AUTO	0		
714	compare	Which is better: Activa 6G vs Jupiter?	1	cmp	AUTO	0		
715	compare	Gemma E4B vs E2B ka difference batao	1	cmp	AUTO	0		
716	compare	Qwen 4B vs Gemma 4B compare karo	1	cmp	AUTO	0		
717	compare	Compare Python vs Java	1	cmp	AUTO	0		
718	compare	Goa vs Manali me kya farq hai?	1	cmp	AUTO	0		
719	compare	Which is better: OLED vs LCD?	1	cmp	AUTO	0		
720	compare	SSD vs HDD ka difference batao	1	cmp	AUTO	0		
721	compare	iPhone 16 vs Samsung S25 compare karo	1	cmp	AUTO	0		
722	compare	Compare Redmi Note 14 vs Realme 14	1	cmp	AUTO	0		
723	compare	Creta vs Nexon me kya farq hai?	1	cmp	AUTO	0		
724	compare	Which is better: Activa 6G vs Jupiter?	1	cmp	AUTO	0		
725	compare	Gemma E4B vs E2B ka difference batao	1	cmp	AUTO	0		
726	compare	Qwen 4B vs Gemma 4B compare karo	1	cmp	AUTO	0		
727	compare	Compare Python vs Java	1	cmp	AUTO	0		
728	compare	Goa vs Manali me kya farq hai?	1	cmp	AUTO	0		
729	compare	Which is better: OLED vs LCD?	1	cmp	AUTO	0		
730	compare	SSD vs HDD ka difference batao	1	cmp	AUTO	0		
731	compare	iPhone 16 vs Samsung S25 compare karo	1	cmp	AUTO	0		
732	compare	Compare Redmi Note 14 vs Realme 14	1	cmp	AUTO	0		
733	compare	Creta vs Nexon me kya farq hai?	1	cmp	AUTO	0		
734	compare	Which is better: Activa 6G vs Jupiter?	1	cmp	AUTO	0		
735	compare	Gemma E4B vs E2B ka difference batao	1	cmp	AUTO	0		
736	compare	Qwen 4B vs Gemma 4B compare karo	1	cmp	AUTO	0		
737	compare	Compare Python vs Java	1	cmp	AUTO	0		
738	compare	Goa vs Manali me kya farq hai?	1	cmp	AUTO	0		
739	compare	Which is better: OLED vs LCD?	1	cmp	AUTO	0		
740	compare	SSD vs HDD ka difference batao	1	cmp	AUTO	0		
741	compare	iPhone 16 vs Samsung S25 compare karo	1	cmp	AUTO	0		
742	compare	Compare Redmi Note 14 vs Realme 14	1	cmp	AUTO	0		
743	compare	Creta vs Nexon me kya farq hai?	1	cmp	AUTO	0		
744	compare	Which is better: Activa 6G vs Jupiter?	1	cmp	AUTO	0		
745	compare	Gemma E4B vs E2B ka difference batao	1	cmp	AUTO	0		
746	compare	Qwen 4B vs Gemma 4B compare karo	1	cmp	AUTO	0		
747	compare	Compare Python vs Java	1	cmp	AUTO	0		
748	compare	Goa vs Manali me kya farq hai?	1	cmp	AUTO	0		
749	compare	Which is better: OLED vs LCD?	1	cmp	AUTO	0		
750	compare	SSD vs HDD ka difference batao	1	cmp	AUTO	0		
751	compare	iPhone 16 vs Samsung S25 compare karo	1	cmp	AUTO	0		
752	compare	Compare Redmi Note 14 vs Realme 14	1	cmp	AUTO	0		
753	compare	Creta vs Nexon me kya farq hai?	1	cmp	AUTO	0		
754	compare	Which is better: Activa 6G vs Jupiter?	1	cmp	AUTO	0		
755	compare	Gemma E4B vs E2B ka difference batao	1	cmp	AUTO	0		
756	compare	Qwen 4B vs Gemma 4B compare karo	1	cmp	AUTO	0		
757	compare	Compare Python vs Java	1	cmp	AUTO	0		
758	compare	Goa vs Manali me kya farq hai?	1	cmp	AUTO	0		
759	compare	Which is better: OLED vs LCD?	1	cmp	AUTO	0		
760	compare	SSD vs HDD ka difference batao	1	cmp	AUTO	0		
761	compare	iPhone 16 vs Samsung S25 compare karo	1	cmp	AUTO	0		
762	compare	Compare Redmi Note 14 vs Realme 14	1	cmp	AUTO	0		
763	compare	Creta vs Nexon me kya farq hai?	1	cmp	AUTO	0		
764	compare	Which is better: Activa 6G vs Jupiter?	1	cmp	AUTO	0		
765	compare	Gemma E4B vs E2B ka difference batao	1	cmp	AUTO	0		
766	compare	Qwen 4B vs Gemma 4B compare karo	1	cmp	AUTO	0		
767	compare	Compare Python vs Java	1	cmp	AUTO	0		
768	compare	Goa vs Manali me kya farq hai?	1	cmp	AUTO	0		
769	compare	Which is better: OLED vs LCD?	1	cmp	AUTO	0		
770	compare	SSD vs HDD ka difference batao	1	cmp	AUTO	0		
771	compare	iPhone 16 vs Samsung S25 compare karo	1	cmp	AUTO	0		
772	compare	Compare Redmi Note 14 vs Realme 14	1	cmp	AUTO	0		
773	compare	Creta vs Nexon me kya farq hai?	1	cmp	AUTO	0		
774	compare	Which is better: Activa 6G vs Jupiter?	1	cmp	AUTO	0		
775	compare	Gemma E4B vs E2B ka difference batao	1	cmp	AUTO	0		
776	compare	Qwen 4B vs Gemma 4B compare karo	1	cmp	AUTO	0		
777	compare	Compare Python vs Java	1	cmp	AUTO	0		
778	compare	Goa vs Manali me kya farq hai?	1	cmp	AUTO	0		
779	compare	Which is better: OLED vs LCD?	1	cmp	AUTO	0		
780	compare	SSD vs HDD ka difference batao	1	cmp	AUTO	0		
781	compare	iPhone 16 vs Samsung S25 compare karo	1	cmp	AUTO	0		
782	compare	Compare Redmi Note 14 vs Realme 14	1	cmp	AUTO	0		
783	compare	Creta vs Nexon me kya farq hai?	1	cmp	AUTO	0		
784	compare	Which is better: Activa 6G vs Jupiter?	1	cmp	AUTO	0		
785	compare	Gemma E4B vs E2B ka difference batao	1	cmp	AUTO	0		
786	compare	Qwen 4B vs Gemma 4B compare karo	1	cmp	AUTO	0		
787	compare	Compare Python vs Java	1	cmp	AUTO	0		
788	compare	Goa vs Manali me kya farq hai?	1	cmp	AUTO	0		
789	compare	Which is better: OLED vs LCD?	1	cmp	AUTO	0		
790	compare	SSD vs HDD ka difference batao	1	cmp	AUTO	0		
791	compare	iPhone 16 vs Samsung S25 compare karo	1	cmp	AUTO	0		
792	compare	Compare Redmi Note 14 vs Realme 14	1	cmp	AUTO	0		
793	compare	Creta vs Nexon me kya farq hai?	1	cmp	AUTO	0		
794	compare	Which is better: Activa 6G vs Jupiter?	1	cmp	AUTO	0		
795	compare	Gemma E4B vs E2B ka difference batao	1	cmp	AUTO	0		
796	compare	Qwen 4B vs Gemma 4B compare karo	1	cmp	AUTO	0		
797	compare	Compare Python vs Java	1	cmp	AUTO	0		
798	compare	Goa vs Manali me kya farq hai?	1	cmp	AUTO	0		
799	compare	Which is better: OLED vs LCD?	1	cmp	AUTO	0		
800	compare	SSD vs HDD ka difference batao	1	cmp	AUTO	0		
801	url_read	https://www.python.org/downloads/	1		AUTO	0		
802	url_read	https://www.sbi.co.in/ ka short summary do	1		AUTO	0		
803	url_read	https://developer.android.com/ par price kya likha hai?	1		AUTO	0		
804	url_read	https://ai.google.dev/gemma ko padh ke batao	1	ro	AUTO	0		
805	url_read	Open https://www.irctc.co.in/ and explain the main points	1		AUTO	0		
806	url_read	https://www.wikipedia.org/	1		AUTO	0		
807	url_read	www.python.org/downloads/ ka short summary do	1		AUTO	0		
808	url_read	https://example.com/report.pdf par price kya likha hai?	1		AUTO	0		
809	url_read	https://example.com/photo.jpg ko padh ke batao	1	ro	AUTO	0		
810	url_read	Open https://docs.example.com/guide and explain the main points	1		AUTO	0		
811	url_read	https://www.python.org/downloads/	1		AUTO	0		
812	url_read	https://www.sbi.co.in/ ka short summary do	1		AUTO	0		
813	url_read	https://developer.android.com/ par price kya likha hai?	1		AUTO	0		
814	url_read	https://ai.google.dev/gemma ko padh ke batao	1	ro	AUTO	0		
815	url_read	Open https://www.irctc.co.in/ and explain the main points	1		AUTO	0		
816	url_read	https://www.wikipedia.org/	1		AUTO	0		
817	url_read	www.python.org/downloads/ ka short summary do	1		AUTO	0		
818	url_read	https://example.com/report.pdf par price kya likha hai?	1		AUTO	0		
819	url_read	https://example.com/photo.jpg ko padh ke batao	1	ro	AUTO	0		
820	url_read	Open https://docs.example.com/guide and explain the main points	1		AUTO	0		
821	url_read	https://www.python.org/downloads/	1		AUTO	0		
822	url_read	https://www.sbi.co.in/ ka short summary do	1		AUTO	0		
823	url_read	https://developer.android.com/ par price kya likha hai?	1		AUTO	0		
824	url_read	https://ai.google.dev/gemma ko padh ke batao	1	ro	AUTO	0		
825	url_read	Open https://www.irctc.co.in/ and explain the main points	1		AUTO	0		
826	url_read	https://www.wikipedia.org/	1		AUTO	0		
827	url_read	www.python.org/downloads/ ka short summary do	1		AUTO	0		
828	url_read	https://example.com/report.pdf par price kya likha hai?	1		AUTO	0		
829	url_read	https://example.com/photo.jpg ko padh ke batao	1	ro	AUTO	0		
830	url_read	Open https://docs.example.com/guide and explain the main points	1		AUTO	0		
831	url_read	https://www.python.org/downloads/	1		AUTO	0		
832	url_read	https://www.sbi.co.in/ ka short summary do	1		AUTO	0		
833	url_read	https://developer.android.com/ par price kya likha hai?	1		AUTO	0		
834	url_read	https://ai.google.dev/gemma ko padh ke batao	1	ro	AUTO	0		
835	url_read	Open https://www.irctc.co.in/ and explain the main points	1		AUTO	0		
836	url_read	https://www.wikipedia.org/	1		AUTO	0		
837	url_read	www.python.org/downloads/ ka short summary do	1		AUTO	0		
838	url_read	https://example.com/report.pdf par price kya likha hai?	1		AUTO	0		
839	url_read	https://example.com/photo.jpg ko padh ke batao	1	ro	AUTO	0		
840	url_read	Open https://docs.example.com/guide and explain the main points	1		AUTO	0		
841	url_read	https://www.python.org/downloads/	1		AUTO	0		
842	url_read	https://www.sbi.co.in/ ka short summary do	1		AUTO	0		
843	url_read	https://developer.android.com/ par price kya likha hai?	1		AUTO	0		
844	url_read	https://ai.google.dev/gemma ko padh ke batao	1	ro	AUTO	0		
845	url_read	Open https://www.irctc.co.in/ and explain the main points	1		AUTO	0		
846	url_read	https://www.wikipedia.org/	1		AUTO	0		
847	url_read	www.python.org/downloads/ ka short summary do	1		AUTO	0		
848	url_read	https://example.com/report.pdf par price kya likha hai?	1		AUTO	0		
849	url_read	https://example.com/photo.jpg ko padh ke batao	1	ro	AUTO	0		
850	url_read	Open https://docs.example.com/guide and explain the main points	1		AUTO	0		
851	url_read	https://www.python.org/downloads/	1		AUTO	0		
852	url_read	https://www.sbi.co.in/ ka short summary do	1		AUTO	0		
853	url_read	https://developer.android.com/ par price kya likha hai?	1		AUTO	0		
854	url_read	https://ai.google.dev/gemma ko padh ke batao	1	ro	AUTO	0		
855	url_read	Open https://www.irctc.co.in/ and explain the main points	1		AUTO	0		
856	url_read	https://www.wikipedia.org/	1		AUTO	0		
857	url_read	www.python.org/downloads/ ka short summary do	1		AUTO	0		
858	url_read	https://example.com/report.pdf par price kya likha hai?	1		AUTO	0		
859	url_read	https://example.com/photo.jpg ko padh ke batao	1	ro	AUTO	0		
860	url_read	Open https://docs.example.com/guide and explain the main points	1		AUTO	0		
861	url_read	https://www.python.org/downloads/	1		AUTO	0		
862	url_read	https://www.sbi.co.in/ ka short summary do	1		AUTO	0		
863	url_read	https://developer.android.com/ par price kya likha hai?	1		AUTO	0		
864	url_read	https://ai.google.dev/gemma ko padh ke batao	1	ro	AUTO	0		
865	url_read	Open https://www.irctc.co.in/ and explain the main points	1		AUTO	0		
866	url_read	https://www.wikipedia.org/	1		AUTO	0		
867	url_read	www.python.org/downloads/ ka short summary do	1		AUTO	0		
868	url_read	https://example.com/report.pdf par price kya likha hai?	1		AUTO	0		
869	url_read	https://example.com/photo.jpg ko padh ke batao	1	ro	AUTO	0		
870	url_read	Open https://docs.example.com/guide and explain the main points	1		AUTO	0		
871	url_read	https://www.python.org/downloads/	1		AUTO	0		
872	url_read	https://www.sbi.co.in/ ka short summary do	1		AUTO	0		
873	url_read	https://developer.android.com/ par price kya likha hai?	1		AUTO	0		
874	url_read	https://ai.google.dev/gemma ko padh ke batao	1	ro	AUTO	0		
875	url_read	Open https://www.irctc.co.in/ and explain the main points	1		AUTO	0		
876	url_read	https://www.wikipedia.org/	1		AUTO	0		
877	url_read	www.python.org/downloads/ ka short summary do	1		AUTO	0		
878	url_read	https://example.com/report.pdf par price kya likha hai?	1		AUTO	0		
879	url_read	https://example.com/photo.jpg ko padh ke batao	1	ro	AUTO	0		
880	url_read	Open https://docs.example.com/guide and explain the main points	1		AUTO	0		
881	url_read	https://www.python.org/downloads/	1		AUTO	0		
882	url_read	https://www.sbi.co.in/ ka short summary do	1		AUTO	0		
883	url_read	https://developer.android.com/ par price kya likha hai?	1		AUTO	0		
884	url_read	https://ai.google.dev/gemma ko padh ke batao	1	ro	AUTO	0		
885	url_read	Open https://www.irctc.co.in/ and explain the main points	1		AUTO	0		
886	url_read	https://www.wikipedia.org/	1		AUTO	0		
887	url_read	www.python.org/downloads/ ka short summary do	1		AUTO	0		
888	url_read	https://example.com/report.pdf par price kya likha hai?	1		AUTO	0		
889	url_read	https://example.com/photo.jpg ko padh ke batao	1	ro	AUTO	0		
890	url_read	Open https://docs.example.com/guide and explain the main points	1		AUTO	0		
891	url_read	https://www.python.org/downloads/	1		AUTO	0		
892	url_read	https://www.sbi.co.in/ ka short summary do	1		AUTO	0		
893	url_read	https://developer.android.com/ par price kya likha hai?	1		AUTO	0		
894	url_read	https://ai.google.dev/gemma ko padh ke batao	1	ro	AUTO	0		
895	url_read	Open https://www.irctc.co.in/ and explain the main points	1		AUTO	0		
896	url_read	https://www.wikipedia.org/	1		AUTO	0		
897	url_read	www.python.org/downloads/ ka short summary do	1		AUTO	0		
898	url_read	https://example.com/report.pdf par price kya likha hai?	1		AUTO	0		
899	url_read	https://example.com/photo.jpg ko padh ke batao	1	ro	AUTO	0		
900	url_read	Open https://docs.example.com/guide and explain the main points	1		AUTO	0		
901	mixed	price of iPhone 16 batao, links mat do	1		AUTO	0		
902	mixed	iPhone 16 ka photo dikhao, link mat do	1	img	AUTO	0		
903	mixed	Net pe search karke best laptop under 50000 batao, images mat dikhao	1		AUTO	0		
904	mixed	passport kaise karein, link bhi do, images mat dikhao	1	link1 steps	AUTO	0		
905	mixed	gold rate batao, links mat do	1		AUTO	0		
906	mixed	Taj Mahal ka photo dikhao, link mat do	1	img	AUTO	0		
907	mixed	Net pe search karke Python 3.13 changes batao, images mat dikhao	1		AUTO	0		
908	mixed	Aadhaar card kaise karein, link bhi do, images mat dikhao	1	link1 steps	AUTO	0		
909	mixed	petrol price in Mumbai batao, links mat do	1		AUTO	0		
910	mixed	red panda ka photo dikhao, link mat do	1	img	AUTO	0		
911	mixed	Net pe search karke Mumbai weather forecast batao, images mat dikhao	1		AUTO	0		
912	mixed	PAN card kaise karein, link bhi do, images mat dikhao	1	link1 steps	AUTO	0		
913	mixed	latest Python version batao, links mat do	1		AUTO	0		
914	mixed	Ganpati idol ka photo dikhao, link mat do	1	img	AUTO	0		
915	mixed	Net pe search karke official passport process batao, images mat dikhao	1	steps	AUTO	0		
916	mixed	driving licence kaise karein, link bhi do, images mat dikhao	1	link1 steps	AUTO	0		
917	mixed	current weather in Delhi batao, links mat do	1		AUTO	0		
918	mixed	India map ka photo dikhao, link mat do	1	img	AUTO	0		
919	mixed	Net pe search karke electric scooter reviews batao, images mat dikhao	1		AUTO	0		
920	mixed	IRCTC Tatkal ticket kaise karein, link bhi do, images mat dikhao	1	link1 steps	AUTO	0		
921	mixed	IPL score batao, links mat do	1		AUTO	0		
922	mixed	MCB wiring diagram ka photo dikhao, link mat do	1	img	AUTO	0		
923	mixed	Net pe search karke Taj Mahal pictures batao, images mat dikhao	1		AUTO	0		
924	mixed	GST registration kaise karein, link bhi do, images mat dikhao	1	link1 steps	AUTO	0		
925	mixed	latest Android update batao, links mat do	1		AUTO	0		
926	mixed	Eiffel Tower ka photo dikhao, link mat do	1	img	AUTO	0		
927	mixed	Net pe search karke Gemma model docs batao, images mat dikhao	1		AUTO	0		
928	mixed	income tax return kaise karein, link bhi do, images mat dikhao	1	link1 steps	AUTO	0		
929	mixed	PPF interest rate batao, links mat do	1		AUTO	0		
930	mixed	Tesla logo ka photo dikhao, link mat do	1	img	AUTO	0		
931	mixed	Net pe search karke SBI official site batao, images mat dikhao	1	link1	AUTO	0		
932	mixed	FASTag kaise karein, link bhi do, images mat dikhao	1	link1 steps	AUTO	0		
933	mixed	Bitcoin price batao, links mat do	1		AUTO	0		
934	mixed	Goa beach ka photo dikhao, link mat do	1	img	AUTO	0		
935	mixed	Net pe search karke gold rate today batao, images mat dikhao	1		AUTO	0		
936	mixed	DigiLocker account kaise karein, link bhi do, images mat dikhao	1	link1 steps	AUTO	0		
937	mixed	current Prime Minister of India batao, links mat do	1		AUTO	0		
938	mixed	Qutub Minar ka photo dikhao, link mat do	1	img	AUTO	0		
939	mixed	Net pe search karke Manali itinerary batao, images mat dikhao	1		AUTO	0		
940	mixed	bank account kaise karein, link bhi do, images mat dikhao	1	link1 steps	AUTO	0		
941	mixed	latest news about India batao, links mat do	1		AUTO	0		
942	mixed	iPhone 16 ka photo dikhao, link mat do	1	img	AUTO	0		
943	mixed	Net pe search karke best laptop under 50000 batao, images mat dikhao	1		AUTO	0		
944	mixed	passport kaise karein, link bhi do, images mat dikhao	1	link1 steps	AUTO	0		
945	mixed	today's Mumbai weather batao, links mat do	1		AUTO	0		
946	mixed	Taj Mahal ka photo dikhao, link mat do	1	img	AUTO	0		
947	mixed	Net pe search karke Python 3.13 changes batao, images mat dikhao	1		AUTO	0		
948	mixed	Aadhaar card kaise karein, link bhi do, images mat dikhao	1	link1 steps	AUTO	0		
949	mixed	USD to INR rate batao, links mat do	1		AUTO	0		
950	mixed	red panda ka photo dikhao, link mat do	1	img	AUTO	0		
951	mixed	Net pe search karke Mumbai weather forecast batao, images mat dikhao	1		AUTO	0		
952	mixed	PAN card kaise karein, link bhi do, images mat dikhao	1	link1 steps	AUTO	0		
953	mixed	current Nifty level batao, links mat do	1		AUTO	0		
954	mixed	Ganpati idol ka photo dikhao, link mat do	1	img	AUTO	0		
955	mixed	Net pe search karke official passport process batao, images mat dikhao	1	steps	AUTO	0		
956	mixed	driving licence kaise karein, link bhi do, images mat dikhao	1	link1 steps	AUTO	0		
957	mixed	latest Samsung Galaxy update batao, links mat do	1		AUTO	0		
958	mixed	India map ka photo dikhao, link mat do	1	img	AUTO	0		
959	mixed	Net pe search karke electric scooter reviews batao, images mat dikhao	1		AUTO	0		
960	mixed	IRCTC Tatkal ticket kaise karein, link bhi do, images mat dikhao	1	link1 steps	AUTO	0		
961	mixed	current cricket score batao, links mat do	1		AUTO	0		
962	mixed	MCB wiring diagram ka photo dikhao, link mat do	1	img	AUTO	0		
963	mixed	Net pe search karke Taj Mahal pictures batao, images mat dikhao	1		AUTO	0		
964	mixed	GST registration kaise karein, link bhi do, images mat dikhao	1	link1 steps	AUTO	0		
965	mixed	flight price from Mumbai to Delhi batao, links mat do	1		AUTO	0		
966	mixed	Eiffel Tower ka photo dikhao, link mat do	1	img	AUTO	0		
967	mixed	Net pe search karke Gemma model docs batao, images mat dikhao	1		AUTO	0		
968	mixed	income tax return kaise karein, link bhi do, images mat dikhao	1	link1 steps	AUTO	0		
969	mixed	latest Gemma release batao, links mat do	1		AUTO	0		
970	mixed	Tesla logo ka photo dikhao, link mat do	1	img	AUTO	0		
971	mixed	Net pe search karke SBI official site batao, images mat dikhao	1	link1	AUTO	0		
972	mixed	FASTag kaise karein, link bhi do, images mat dikhao	1	link1 steps	AUTO	0		
973	mixed	current AQI in Delhi batao, links mat do	1		AUTO	0		
974	mixed	Goa beach ka photo dikhao, link mat do	1	img	AUTO	0		
975	mixed	Net pe search karke gold rate today batao, images mat dikhao	1		AUTO	0		
976	mixed	DigiLocker account kaise karein, link bhi do, images mat dikhao	1	link1 steps	AUTO	0		
977	mixed	latest IRCTC Tatkal rules batao, links mat do	1		AUTO	0		
978	mixed	Qutub Minar ka photo dikhao, link mat do	1	img	AUTO	0		
979	mixed	Net pe search karke Manali itinerary batao, images mat dikhao	1		AUTO	0		
980	mixed	bank account kaise karein, link bhi do, images mat dikhao	1	link1 steps	AUTO	0		
981	mixed	price of iPhone 16 batao	0		OFF	0		
982	mixed	current gold rate	1		ALWAYS	0		
983	mixed	uski photo dikhao	1	img	AUTO	0	petrol price in Mumbai	petrol price in Mumbai
984	mixed	Is image ko padh ke batao	0		AUTO	1		
985	mixed	current weather in Delhi batao	0		OFF	0		
986	mixed	current IPL score	1		ALWAYS	0		
987	mixed	uski photo dikhao	1	img	AUTO	0	latest Android update	latest Android update
988	mixed	Is image ko padh ke batao	0		AUTO	1		
989	mixed	Bitcoin price batao	0		OFF	0		
990	mixed	current current Prime Minister of India	1		ALWAYS	0		
991	mixed	uski photo dikhao	1	img	AUTO	0	latest news about India	latest news about India
992	mixed	Is image ko padh ke batao	0		AUTO	1		
993	mixed	USD to INR rate batao	0		OFF	0		
994	mixed	current current Nifty level	1		ALWAYS	0		
995	mixed	uski photo dikhao	1	img	AUTO	0	latest Samsung Galaxy update	latest Samsung Galaxy update
996	mixed	Is image ko padh ke batao	0		AUTO	1		
997	mixed	flight price from Mumbai to Delhi batao	0		OFF	0		
998	mixed	current latest Gemma release	1		ALWAYS	0		
999	mixed	uski photo dikhao	1	img	AUTO	0	current AQI in Delhi	current AQI in Delhi
1000	mixed	Is image ko padh ke batao	0		AUTO	1		
